doi,title,year,cited_by_count,in_refs_bib
10.1145/3065386,ImageNet classification with deep convolutional neural networks,2017,75705,
10.1109/5.726791,Gradient-based learning applied to document recognition,1998,58089,
10.48550/arxiv.1502.03167,Batch Normalization: Accelerating Deep Network Training by Reducing Internal Covariate Shift,2015,24377,
10.1109/tkde.2009.191,A Survey on Transfer Learning,2009,23095,
10.57702/o9raffed,Batch Normalization: Accelerating Deep Network Training by Reducing Internal Covariate Shift,2024,15691,
10.1007/bf02551274,Approximation by superpositions of a sigmoidal function,1989,13657,
10.7551/mitpress/4175.001.0001,Learning with Kernels,2001,9541,
10.1016/s0893-6080(05)80023-1,Stacked generalization,1992,7440,
10.1016/s1388-2457(99)00141-8,Event-related EEG/MEG synchronization and desynchronization: basic principles,1999,7080,
10.1007/978-3-7908-2604-3_16,Large-Scale Machine Learning with Stochastic Gradient Descent,2010,5624,
10.5244/c.29.41,Deep Face Recognition,2015,5070,
10.1088/1741-2552/aace8c,EEGNet: a compact convolutional neural network for EEG-based brain–computer interfaces,2018,4216,
10.3389/fnins.2013.00267,MEG and EEG data analysis with MNE-Python,2013,3968,
10.1002/hbm.23730,Deep learning with convolutional neural networks for EEG decoding and visualization,2017,3467,
10.1109/cvpr.2015.7298640,Deep neural networks are easily fooled: High confidence predictions for unrecognizable images,2015,3305,
10.1109/tbme.2004.827072,BCI2000: A General-Purpose Brain-Computer Interface (BCI) System,2004,3002,
10.1016/s0047-259x(03)00096-4,A well-conditioned estimator for large-dimensional covariance matrices,2003,2924,
10.1017/cbo9781107298019,Understanding Machine Learning,2014,2916,
10.1137/s0895479895290954,The Geometry of Algorithms with Orthogonality Constraints,1998,2747,
10.1515/9781400830244,Optimization Algorithms on Matrix Manifolds,2008,2728,
10.48550/arxiv.1312.6203,Spectral Networks and Locally Connected Networks on Graphs,2013,2725,
10.1088/1741-2560/4/2/r01,A review of classification algorithms for EEG-based brain–computer interfaces,2007,2628,
10.1109/86.895946,Optimal spatial filtering of single trial EEG during imagined hand movement,2000,2437,
10.1109/iccv.2009.5459469,What is the best multi-stage architecture for object recognition?,2009,2176,
10.1088/1741-2552/aab2f2,A review of classification algorithms for EEG-based brain–computer interfaces: a 10 year update,2018,2113,
10.1109/msp.2008.4408441,Optimizing Spatial filters for Robust EEG Single-Trial Analysis,2008,2065,
10.1609/aaai.v30i1.10306,Return of Frustratingly Easy Domain Adaptation,2016,1879,
10.1016/j.neuroimage.2005.12.003,Mu rhythm (de)synchronization and EEG single-trial classification of different motor imagery tasks,2006,1579,
10.1007/s11263-005-3222-z,A Riemannian Framework for Tensor Computing,2005,1549,
10.1002/wps.21018,The World Mental Health Report: transforming mental health for all,2022,1458,
10.1109/ijcnn.2008.4634130,Filter Bank Common Spatial Pattern (FBCSP) in Brain-Computer Interface,2008,1383,
10.1016/j.clinph.2004.01.001,EEG dynamics in patients with Alzheimer's disease,2004,1327,
10.1017/9781108231596,High-Dimensional Probability,2018,1258,
10.3389/fnins.2012.00039,Filter Bank Common Spatial Pattern Algorithm on BCI Competition IV Datasets 2a and 2b,2012,1225,
10.3389/fnins.2012.00055,Review of the BCI Competition IV,2012,1213,
10.1016/j.neuroimage.2010.06.048,Single-trial analysis and classification of ERP components — A tutorial,2010,1149,
10.1007/11744047_45,Region Covariance: A Fast Descriptor for Detection and Classification,2006,1107,
10.1002/mrm.20965,Log‐Euclidean metrics for fast and simple calculus on diffusion tensors,2006,1084,
10.1016/s0304-3940(97)00889-6,Motor imagery activates primary sensorimotor area in humans,1997,1054,
10.1515/9781400827787,Positive Definite Matrices,2009,1050,
10.1109/tbme.2010.2082539,Regularizing Common Spatial Patterns to Improve BCI Designs: Unified Theory and New Algorithms,2010,1049,
10.1002/cpa.3160300502,Riemannian center of mass and mollifier smoothing,1977,1002,
10.1109/tpami.2008.75,Pedestrian Detection via Classification on Riemannian Manifolds,2008,968,
10.1016/j.neuroimage.2007.01.051,The non-invasive Berlin Brain–Computer Interface: Fast acquisition of effective performance in untra,2007,949,
10.1109/tbme.2006.889197,Frequency recognition based on canonical correlation analysis for SSVEP-based BCIs,2007,868,
10.1109/tnsre.2022.3230250,EEG Conformer: Convolutional Transformer for EEG Decoding and Visualization,2022,835,
10.1109/tbme.2011.2172210,Multiclass Brain–Computer Interface Classification by Riemannian Geometry,2011,817,barachant2012multiclass
10.1137/050637996,Geometric Means in a Novel Vector Space Structure on Symmetric Positive‐Definite Matrices,2007,812,
10.1109/tbme.2017.2694818,Enhancing Detection of SSVEPs for a High-Speed Brain Speller Using Task-Related Component Analysis,2017,801,
10.1007/978-3-642-18245-7,A Panoramic View of Riemannian Geometry,2003,782,
10.1007/bf02134016,Approximation by superpositions of a sigmoidal function,1992,754,
10.1609/aaai.v32i1.11784,Wasserstein Distance Guided Representation Learning for Domain Adaptation,2018,720,
10.1137/s0895479803436937,A Differential Geometric Approach to the Geometric Mean of Symmetric Positive-Definite Matrices,2005,702,
10.1016/0024-3795(88)90223-6,Computing a nearest symmetric positive semidefinite matrix,1988,701,
10.1109/tnnls.2018.2789927,Learning Temporal Information for Brain-Computer Interface Using Convolutional Neural Networks,2018,657,
10.1109/tbme.2004.827088,Boosting bit rates in noninvasive EEG single-trial classifications by feature combination and multic,2004,635,
10.1016/j.cmpb.2018.04.012,Automated EEG-based screening of depression using deep convolutional neural network,2018,633,
10.1016/j.neuroimage.2017.06.030,Autoreject: Automated artifact rejection for MEG and EEG data,2017,628,
10.1109/ijcnn.2004.1381025,2004 IEEE International Joint Conference on Neural Networks,2004,575,
10.1007/s00521-021-06352-5,Deep learning techniques for classification of electroencephalogram (EEG) motor imagery (MI) signals,2021,562,
10.1016/j.cmpb.2012.10.008,Classifying depression patients and normal subjects using machine learning techniques and nonlinear ,2012,555,
10.1017/9781009166164,An Introduction to Optimization on Smooth Manifolds,2023,549,
10.1109/tbme.2009.2012869,xDAWN Algorithm to Enhance Evoked Potentials: Application to Brain–Computer Interface,2009,535,
10.1201/b11429-4,Large-Scale Machine Learning with Stochastic Gradient Descent,2011,506,
10.1109/tnsre.2007.906956,"Brain–Computer Communication: Motivation, Aim, and Impact of Exploring a Virtual Apartment",2007,500,
10.1109/tbme.2019.2913914,Transfer Learning for Brain–Computer Interfaces: A Euclidean Space Data Alignment Approach,2019,478,
10.1016/j.neucom.2012.12.039,Classification of covariance matrices using a Riemannian-based kernel for BCI applications,2013,467,barachant2013classification
10.1007/978-3-662-05296-9_31,A Metric for Covariance Matrices,2003,464,
10.1109/cvpr.2012.6247965,Covariance discriminative learning: A natural and efficient approach to image set classification,2012,448,
10.1088/1741-2552/aba162,BCI for stroke rehabilitation: motor and beyond,2020,443,
10.1088/1741-2560/3/1/r02,Towards adaptive classification for BCI,2006,435,
10.1109/mci.2015.2501545,Transfer Learning in Brain-Computer Interfaces Abstract\uFFFDThe performance of brain-computer inter,2016,432,
10.1080/2326263x.2017.1297192,Riemannian geometry for EEG-based brain-computer interfaces; a primer and a review,2017,427,
10.1109/tbme.2013.2270283,A Hybrid BCI System Combining P300 and SSVEP and Its Application to Wheelchair Control,2013,414,
10.1109/tnsre.2016.2627016,Riemannian Approaches in Brain-Computer Interfaces: A Review,2016,413,
10.1186/1471-2202-10-101,Functional neural network analysis in frontotemporal dementia and Alzheimer's disease using EEG and ,2009,405,
10.1109/cvpr.2014.226,Learning Expressionlets on Spatio-temporal Manifold for Dynamic Facial Expression Recognition,2014,396,
10.1109/tbme.2008.921154,Multiclass Common Spatial Patterns and Information Theoretic Feature Extraction,2008,391,
10.1109/tbme.2017.2742541,Transfer Learning: A Riemannian Geometry Framework With Applications to Brain–Computer Interfaces,2017,389,
10.3390/brainsci8040057,Brain–Computer Interface Spellers: A Review,2018,382,
10.1109/icdm.2019.00088,Transfer Learning with Dynamic Adversarial Adaptation Network,2019,379,
10.1016/j.proeng.2012.06.298,Analysis of Electroencephalography (EEG) Signals and Its Categorization–A Study,2012,367,
10.1109/taffc.2018.2885474,A Bi-Hemisphere Domain Adversarial Neural Network Model for EEG Emotion Recognition,2018,367,
10.1109/taffc.2020.3014842,Self-Supervised ECG Representation Learning for Emotion Recognition,2020,367,
10.1109/tcds.2018.2826840,Domain Adaptation Techniques for EEG-Based Emotion Recognition: A Comparative Study on Two Public Da,2018,351,
10.1093/gigascience/gix034,EEG datasets for motor imagery brain–computer interface,2017,346,
10.1016/j.inffus.2020.01.008,Feature-level fusion approaches based on multimodal EEG data for depression recognition,2020,330,
10.1088/1741-2552/ab405f,HS-CNN: a CNN with hybrid convolution scale for EEG motor imagery classification,2019,325,
10.1109/taffc.2019.2922912,From Regional to Global Brain: A Novel Hierarchical Spatial-Temporal Neural Network Model for EEG Em,2019,307,
10.1088/1741-2560/3/3/003,Seperability of four-class motor imagery data using independent components analysis,2006,296,
10.1109/iccv.2015.339,Matrix Backpropagation for Deep Networks with Structured Layers,2015,295,
10.1088/1741-2552/aa8235,Inferring imagined speech using EEG signals: a new approach using Riemannian manifold features,2017,294,
10.1016/j.bspc.2016.09.005,Trends in EEG-BCI for daily-life: Requirements for artifact removal,2016,288,
10.1109/tcds.2019.2949306,Domain Adaptation for EEG Emotion Recognition Based on Latent Representation Similarity,2019,284,
10.1109/cvpr.2013.17,Kernel Methods on the Riemannian Manifold of Symmetric Positive Definite Matrices,2013,277,
10.1109/lsp.2009.2022557,Composite Common Spatial Pattern for Subject-to-Subject Transfer,2009,269,
10.1016/j.jneumeth.2015.08.004,Optimizing spatial patterns with sparse filter bands for motor-imagery based brain–computer interfac,2015,268,
10.1088/1741-2552/aaf3f6,Inter-subject transfer learning with an end-to-end deep convolutional neural network for EEG-based B,2018,267,
10.1109/tbme.2014.2320948,A Dynamically Optimized SSVEP Brain–Computer Interface (BCI) Speller,2014,251,
10.3390/s20072034,Investigating the Use of Pretrained Convolutional Neural Network on Cross-Subject and Cross-Dataset ,2020,249,
10.1109/tim.2021.3053999,DeprNet: A Deep Convolution Neural Network Framework for Detecting Depression Using EEG,2021,247,
10.1371/journal.pone.0002967,Towards Zero Training for Brain-Computer Interfacing,2008,246,
10.1109/tsp.2005.845428,"Covariance, subspace, and intrinsic Crame/spl acute/r-Rao bounds",2005,243,
10.1007/978-3-319-73600-6_8,Data Augmentation for EEG-Based Emotion Recognition with Deep Convolutional Neural Networks,2018,240,
10.1109/tnnls.2020.3010780,Deep Representation-Based Domain Adaptation for Nonstationary EEG Classification,2020,234,
10.1109/tnsre.2016.2611601,LMD Based Features for the Automatic Seizure Detection of EEG Signals Using SVM,2016,234,
10.1109/jproc.2015.2407272,Noninvasive Brain-Computer Interfaces Based on Sensorimotor Rhythms,2015,233,
10.1371/journal.pone.0244180,Resting state EEG biomarkers of cognitive decline associated with Alzheimer’s disease and mild cogni,2021,232,
10.1109/tbme.2018.2799661,A Brain–Computer Interface Based on Miniature-Event-Related Potentials Induced by Very Small Lateral,2018,227,
10.3390/data8060095,"A Dataset of Scalp EEG Recordings of Alzheimer’s Disease, Frontotemporal Dementia and Healthy Subjec",2023,224,
10.1111/cgf.12693,Learning class‐specific descriptors for deformable shapes using localized spectral convolutional net,2015,221,
10.1109/tsmcc.2012.2226444,A New Gaze-BCI-Driven Control of an Upper Limb Exoskeleton for Rehabilitation in Real-World Tasks,2012,217,
10.1007/978-3-642-15995-4_78,Riemannian Geometry Applied to BCI Classification,2010,215,
10.1088/1741-2560/9/2/026013,Stationary common spatial patterns for brain–computer interfacing,2012,212,
10.1109/tkde.2017.2669193,A Unified Framework for Metric Transfer Learning,2017,211,
10.1109/tbme.2018.2889705,Riemannian Procrustes Analysis: Transfer Learning for Brain–Computer Interfaces,2018,209,
10.3389/fnins.2016.00530,The Berlin Brain-Computer Interface: Progress Beyond Communication and Control,2016,209,
10.1002/alz.12311,Measures of resting state EEG rhythms for clinical trials in Alzheimer's disease: Recommendations of,2021,203,
10.1007/978-3-642-02091-9,Brain-Computer Interfaces: Revolutionizing Human-Computer Interaction,2013,197,
10.1109/tcyb.2020.2987575,Emotion Recognition From Multimodal Physiological Signals Using a Regularized Deep Fusion of Kernel ,2020,193,
10.1017/cbo9781139032803,Brain-Computer Interfacing,2013,190,
10.1007/978-3-319-10605-2_2,From Manifold to Manifold: Geometry-Aware Dimensionality Reduction for SPD Matrices,2014,185,
10.1016/j.bspc.2020.102393,DepHNN: A novel hybrid neural network for electroencephalogram (EEG)-based screening of depression,2021,184,
10.1109/tnsre.2020.2985996,Manifold Embedded Knowledge Transfer for Brain-Computer Interfaces,2020,183,
10.1109/tciaig.2012.2237173,"Two Brains, One Game: Design and Evaluation of a Multiuser BCI Video Game Based on Motor Imagery",2013,179,
10.1007/978-3-642-33709-3_16,Sparse Coding and Dictionary Learning for Symmetric Positive Definite Matrices: A Kernel Approach,2012,177,
10.1109/tnsre.2019.2923315,Weighted Transfer Learning for Improving Motor Imagery-Based Brain–Computer Interface,2019,176,
10.1088/1741-2552/aadea0,MOABB: trustworthy algorithm benchmarking for BCIs,2018,173,
10.1016/j.compbiomed.2016.10.019,Unsupervised domain adaptation techniques based on auto-encoder for non-stationary EEG-based emotion,2016,170,
10.1016/b978-0-7020-5307-8.00015-6,Resting state cortical EEG rhythms in Alzheimer's disease,2013,170,
10.1371/journal.pbio.2003787,The Cybathlon BCI race: Successful longitudinal mutual learning with two tetraplegic users,2018,164,
10.1109/tnsre.2021.3099908,A Temporal-Spectral-Based Squeeze-and- Excitation Feature Fusion Network for Motor Imagery EEG Decod,2021,164,
10.1016/j.neurobiolaging.2016.03.018,Different functional connectivity and network topology in behavioral variant of frontotemporal demen,2016,162,
10.3390/diagnostics11081437,Alzheimer’s Disease and Frontotemporal Dementia: A Robust Classification Method of EEG Signals and a,2021,152,
10.1016/j.comppsych.2013.12.019,Comparison of self-report and structured clinical interview in the identification of depression,2014,151,
10.1007/978-3-319-71246-8_45,Theoretical Analysis of Domain Adaptation with Optimal Transport,2017,143,
10.1109/taffc.2019.2934412,An Improved Empirical Mode Decomposition of Electroencephalogram Signals for Depression Detection,2019,143,
10.1016/j.asoc.2018.11.031,Classification of multiple motor imagery using deep convolutional neural networks and spatial filter,2018,141,
10.1159/000067973,Quantitative EEG Abnormalities and Cognitive Dysfunctions in Frontotemporal Dementia and Alzheimer’s,2003,139,
10.1109/jbhi.2022.3210158,Dynamic Domain Adaptation for Class-Aware Cross-Subject and Cross-Session EEG Emotion Recognition,2022,137,
10.1109/iccvw.2015.112,Geodesic Convolutional Neural Networks on Riemannian Manifolds,2015,127,
10.1109/tnsre.2021.3059166,Dynamic Joint Domain Adaptation Network for Motor Imagery Classification,2021,123,
10.1109/tnsre.2015.2403270,A Hybrid Brain–Computer Interface Based on the Fusion of P300 and SSVEP Scores,2015,120,
10.1002/ima.20283,Subject and class specific frequency bands selection for multiclass motor imagery classification,2011,117,
10.1109/taffc.2022.3199075,A Dual-Branch Dynamic Graph Convolution Based Adaptive TransFormer Feature Fusion Network for EEG Em,2022,116,
10.1109/tbme.2009.2032162,Nonstationary Brain Source Separation for Multiclass Motor Imagery,2009,114,
10.1142/s0219519412400192,CLASSIFICATION OF EEG SIGNALS IN NORMAL AND DEPRESSION CONDITIONS BY ANN USING RWE AND SIGNAL ENTROP,2012,114,
10.1109/tsp.2019.2894801,Parallel Transport on the Cone Manifold of SPD Matrices for Domain Adaptation,2019,114,
10.1109/iembs.2009.5332554,Regularized common spatial patterns with generic learning for EEG signal classification,2009,113,
10.1109/radar.2008.4720937,Innovative tools for radar signal processing Based on Cartan&amp;#x2019;s geometry of SPD matrices &,2008,110,
10.1109/tnsre.2023.3241846,Improved Domain Adaptation Network Based on Wasserstein Distance for Motor Imagery EEG Classificatio,2023,110,
10.1109/wacv.2018.00219,Synthetic to Real Adaptation with Generative Correlation Alignment Networks,2018,107,
10.1109/tcds.2021.3079712,Deep Learning in EEG: Advance of the Last Ten-Year Critical Period,2021,106,
10.1016/j.vhri.2023.09.008,Economic Burden of Alzheimer’s Disease: A Systematic Review,2023,102,
10.7551/mitpress/7503.003.0177,Logistic Regression for Single Trial EEG Classification,2007,99,
10.1109/wacv.2012.6163005,"Kernel analysis over Riemannian manifolds for visual recognition of actions, pedestrians and texture",2012,93,
10.1109/access.2019.2939288,Cross-Subject EEG Signal Recognition Using Deep Domain Adaptation Network,2019,92,
10.3390/s20123496,Recognition of EEG Signal Motor Imagery Intention Based on Deep Multi-View Feature Learning,2020,89,
10.1007/978-3-642-15552-9_28,Multi-class Classification on Riemannian Manifolds for Video Surveillance,2010,89,
10.1109/jbhi.2023.3265805,Depression Recognition From EEG Signals Using an Adaptive Channel Fusion Method via Improved Focal L,2023,85,
10.3390/computers9030072,Fusion Convolutional Neural Network for Cross-Subject EEG Motor Imagery Classification,2020,82,
10.1109/cvpr.2014.217,Learning Euclidean-to-Riemannian Metric for Point-to-Set Classification,2014,80,
10.1371/journal.pone.0114853,Evaluation of EEG Oscillatory Patterns and Cognitive Process during Simple and Compound Limb Motor I,2014,80,
10.3390/diagnostics13101779,Electroencephalography-Based Depression Detection Using Multiple Machine Learning Techniques,2023,79,
10.1109/jbhi.2019.2938247,Multimodal Depression Detection: Fusion of Electroencephalography and Paralinguistic Behaviors Using,2019,78,
10.1109/mmsp.2010.5662067,Common Spatial Pattern revisited by Riemannian geometry,2010,73,
10.1109/access.2019.2941867,Densely Feature Fusion Based on Convolutional Neural Networks for Motor Imagery EEG Classification,2019,73,
10.1109/tpami.2020.3003846,ManifoldNet: A Deep Neural Network for Manifold-Valued Data With Applications,2020,72,
10.1155/2019/5627156,Motor Imagery EEG Classification Based on Decision Tree Framework and Riemannian Geometry,2019,72,
10.1109/tnsre.2022.3221962,Exploring the Intrinsic Features of EEG Signals via Empirical Mode Decomposition for Depression Reco,2022,71,
10.1109/tpami.1982.4767298,The Use of Shrinkage Estimators in Linear Discriminant Analysis,1982,71,
10.1088/1741-2552/aac577,Defining and quantifying users’ mental imagery-based BCI skills: a first step,2018,70,
10.1109/access.2019.2947134,Multi-Attention and Incorporating Background Information Model for Chest X-Ray Image Report Generati,2019,64,
10.1155/2018/6581490,Usefulness of EEG Techniques in Distinguishing Frontotemporal Dementia from Alzheimer’s Disease and ,2018,63,
10.3389/fnins.2023.1272834,Multi-feature fusion learning for Alzheimer's disease prediction using EEG signals in resting state,2023,63,
10.1016/j.eswa.2016.10.009,A novel system for automatic removal of ocular artefacts in EEG by using outlier detection methods a,2016,62,
10.1371/journal.pone.0162657,A Fully Automated Trial Selection Method for Optimization of Motor Imagery Based Brain-Computer Inte,2016,60,
10.3389/fnagi.2023.1288295,"Diagnosis of Alzheimer’s disease via resting-state EEG: integration of spectrum, complexity, and syn",2023,57,
10.23919/eusipco.2018.8553378,Fast and Accurate Multiclass Inference for MI-BCIs Using Large Multiscale Temporal and Spectral Feat,2018,56,
10.1109/iembs.2011.6091139,"A subject-independent brain-computer interface based on smoothed, second-order baselining",2011,54,
10.1109/access.2024.3399114,Signal to Image Conversion and Convolutional Neural Networks for Physiological Signal Processing: A ,2024,51,
10.1088/1741-2552/aac313,Multiband tangent space mapping and feature selection for classification of EEG during motor imagery,2018,48,
10.1088/1741-2552/ab39cd,Brain–computer interfaces and personhood: interdisciplinary deliberations on neural technology,2019,48,
10.1109/eusipco.2015.7362879,Averaging covariance matrices for EEG signal classification based on the CSP: An empirical study,2015,47,
10.2174/1874120701913010127,Brain-Computer Interface for Persons with Motor Disabilities - A Review,2019,47,
10.1016/j.neucom.2022.08.024,Convolutional neural network and riemannian geometry hybrid approach for motor imagery classificatio,2022,45,
10.1007/s11571-016-9417-x,Regularized common spatial patterns with subject-to-subject transfer of EEG signals,2016,45,
10.1109/tnsre.2023.3329174,Differentiating Between Alzheimer’s Disease and Frontotemporal Dementia Based on the Resting-State M,2023,43,
10.3390/brainsci14040335,A Comparative Study on Feature Extraction Techniques for the Discrimination of Frontotemporal Dement,2024,43,
10.3390/electronics9101584,Motor-Imagery Classification Using Riemannian Geometry with Median Absolute Deviation,2020,43,
10.1109/embc44109.2020.9175956,EEG-based Depression Detection Using Convolutional Neural Network with Demographic Attention Mechani,2020,40,
10.1109/tnsre.2022.3211881,Transfer Learning With Optimal Transportation and Frequency Mixup for EEG-Based Motor Imagery Recogn,2022,39,
10.1609/aaai.v29i1.9595,Online Dictionary Learning on Symmetric Positive Definite Manifolds with Vision Applications,2015,39,
10.1109/tnnls.2023.3307470,Graph Neural Networks on SPD Manifolds for Motor Imagery Classification: A Perspective From the Time,2023,39,
10.1007/s13534-018-0082-3,The earth mover’s distance and Bayesian linear discriminant analysis for epileptic seizure detection,2018,38,
10.1109/tbme.2016.2592820,Riemannian Geometry Applied to Detection of Respiratory States From EEG Signals: The Basis for a Bra,2016,38,
10.1109/iww-bci.2019.8737349,Towards Adaptive Classification using Riemannian Geometry approaches in Brain-Computer Interfaces,2019,37,
10.1155/2021/1299870,[Retracted] Predicting the Risk of Depression Based on ECG Using RNN,2021,37,
10.3389/fncom.2024.1431815,Electroencephalogram-based adaptive closed-loop brain-computer interface in neurorehabilitation: a r,2024,37,
10.1007/s11571-024-10152-7,EEG-based classification of Alzheimer’s disease and frontotemporal dementia: a comprehensive analysi,2024,36,
10.1016/j.bspc.2020.102101,Calibrating EEG features in motor imagery classification tasks with a small amount of current data u,2020,36,
10.1016/j.neunet.2009.06.035,A linear feature space for simultaneous learning of spatio-spectral filters in BCI,2009,35,
10.1007/11577812_10,A Riemannian Framework for the Processing of Tensor-Valued Images,2005,34,
10.1109/tnnls.2022.3216811,SPD Manifold Deep Metric Learning for Image Set Classification,2024,33,
10.1088/1741-2552/ab64a0,Dynamic time warping-based transfer learning for improving common spatial patterns in brain–computer,2019,33,
10.1109/tsp.2017.2649483,Fixed Point Algorithms for Estimating Power Means of Positive Definite Matrices,2017,33,
10.1109/tnsre.2022.3217573,Motor Imagery EEG Classification Based on Riemannian Sparse Optimization and Dempster-Shafer Fusion ,2022,32,
10.31083/j.jin2204093,Depression Detection Based on Analysis of EEG Signals in Multi Brain Regions,2023,31,
10.1109/tetci.2023.3332549,Spatio-Temporal EEG Representation Learning on Riemannian Manifold and Euclidean Space,2023,30,
10.1109/jbhi.2024.3404664,HEMAsNet: A Hemisphere Asymmetry Network Inspired by the Brain for Depression Recognition From Elect,2024,29,
10.3389/fnhum.2024.1348154,Analyzing EEG patterns in young adults exposed to different acrophobia levels: a VR study,2024,29,
10.1016/j.patcog.2023.109751,A discriminative SPD feature learning approach on Riemannian manifolds for EEG classification,2023,28,
10.1109/tic-sth.2009.5444491,EEG signal classification based on a Riemannian distance measure,2009,27,
10.1109/tcyb.2023.3320107,Emotion Recognition From Multimodal Physiological Signals via Discriminative Correlation Fusion With,2023,27,
10.1109/tnnls.2024.3350085,Deep Multiview Module Adaption Transfer Network for Subject-Specific EEG Recognition,2024,27,
10.3389/fnins.2021.687053,Differences in Multimodal Electroencephalogram and Clinical Correlations Between Early-Onset Alzheim,2021,27,
10.3390/diagnostics14192189,Classification of Alzheimer’s Disease and Frontotemporal Dementia Using Electroencephalography to Qu,2024,27,
10.1080/2326263x.2016.1254403,Brain-computer interface for the communication of acute patients: a feasibility study and a randomiz,2016,27,
10.1109/icassp.2015.7178193,Approximate infinite-dimensional Region Covariance Descriptors for image classification,2015,27,
10.1088/1741-2552/ad0a01,Riemannian geometric and ensemble learning for decoding cross-session motor imagery electroencephalo,2023,27,
10.1109/tbme.2022.3154885,Functional Connectivity Ensemble Method to Enhance BCI Performance (FUCONE),2022,26,
10.1155/2020/1683013,Instance Transfer Subject-Dependent Strategy for Motor Imagery Signal Classification Using Deep Conv,2020,26,
10.1109/tnsre.2024.3360194,Subject-Independent Deep Architecture for EEG-Based Motor Imagery Classification,2024,26,
10.1142/s0218126619501238,Transfer Learning Based on Regularized Common Spatial Patterns Using Cosine Similarities of Spatial ,2018,26,
10.1109/taffc.2025.3555433,UA-DAAN: An Uncertainty-Aware Dynamic Adversarial Adaptation Network for EEG-Based Depression Recogn,2025,25,
10.1090/proc/12953,Positive definite matrices and the S-divergence,2015,25,
10.1007/978-3-319-59072-1_37,Matrix Neural Networks,2017,25,
10.1109/tcss.2023.3303331,A Novel Intelligence Evaluation Framework: Exploring the Psychophysiological Patterns of Gifted Stud,2023,23,
10.1109/tcyb.2020.3003620,A General Matrix Function Dimensionality Reduction Framework and Extension for Manifold Learning,2020,23,
10.1016/j.jagp.2024.06.009,"Beta-to-Theta Entropy Ratio of EEG in Aging, Frontotemporal Dementia, and Alzheimer's Dementia",2024,22,
10.1016/j.neulet.2023.137313,Machine Learning and Electroencephalogram Signal based Diagnosis of Depression,2023,21,
10.3390/brainsci14060565,Multi-Threshold Recurrence Rate Plot: A Novel Methodology for EEG Analysis in Alzheimer’s Disease an,2024,21,
10.1177/1550059420971122,Added Value of QEEG for the Differential Diagnosis of Common Forms of Dementia,2020,20,
10.3389/fnhum.2022.921346,Multi-source joint domain adaptation for cross-subject and cross-session emotion recognition from el,2022,19,
10.1109/tbme.2020.3010854,Dimensionality Transcending: A Method for Merging BCI Datasets With Different Dimensionalities,2020,19,
10.3390/s23115051,Decoding Multi-Class Motor Imagery and Motor Execution Tasks Using Riemannian Geometry Algorithms on,2023,19,
10.1109/bibm58861.2023.10386011,Explainable Depression Recognition from EEG Signals via Graph Convolutional Network,2023,18,
10.1109/tcss.2024.3406988,Tensor Correlation Fusion for Multimodal Physiological Signal Emotion Recognition,2024,18,
10.3390/brainsci13060930,"Neuropsychological Evaluation and Quantitative EEG in Patients with Frontotemporal Dementia, Alzheim",2023,18,
10.3389/fnhum.2025.1583342,Adversarial denoising of EEG signals: a comparative analysis of standard GAN and WGAN-GP approaches,2025,17,
10.1109/tnnls.2018.2812799,A Comprehensive Look at Coding Techniques on Riemannian Manifolds,2018,15,
10.3390/brainsci14050462,Motor Imagery Classification Using Effective Channel Selection of Multichannel EEG,2024,15,
10.48550/arxiv.1602.08007,Practical Riemannian Neural Networks,2016,15,
10.3389/fnhum.2022.1049985,Tangent space alignment: Transfer learning for Brain-Computer Interface,2022,15,bleuz2022tangent
10.1145/3638985.3639024,Enhancing Sentiment Analysis on SEED-IV Dataset with Vision Transformers: A Comparative Study,2023,15,
10.1145/3732786,Graph Machine Learning in the Era of Large Language Models (LLMs),2025,15,
10.1109/tfuzz.2025.3569888,MF$^{2}$-Net: Exploring a Meta-Fuzzy Multimodal Fusion Network for Depression Recognition,2025,14,
10.1109/bibm55620.2022.9995246,A Multi-stream Deep Learning Model for EEG-based Depression Identification,2022,13,
10.1109/tnsre.2023.3336356,Decoding Multi-Brain Motor Imagery From EEG Using Coupling Feature Extraction and Few-Shot Learning,2023,13,
10.1109/iceet53442.2021.9659607,Transfer Learning for the Riemannian Tangent Space: Applications to Brain-Computer Interfaces,2021,13,bleuz2021transfer
10.1016/j.inffus.2025.103772,EmoSavior: Depression recognition and intervention via multimodal physiological signals and large la,2025,12,
10.1109/tcss.2023.3314508,Discriminative Joint Knowledge Transfer With Online Updating Mechanism for EEG-Based Emotion Recogni,2023,10,
10.1109/access.2020.3017234,Probability Distribution-Based Dimensionality Reduction on Riemannian Manifold of SPD Matrices,2020,10,
10.3217/978-3-85125-682-6-02,THE RIEMANNIAN MINIMUM DISTANCE TO MEANS FIELD CLASSIFIER,2020,9,
10.1093/imaiai/iav006,Riemannian metrics for neural networks I: feedforward networks,2015,9,
10.1088/1741-2552/ad5fbd,Unsupervised heterogeneous domain adaptation for EEG classification,2024,8,
10.1109/icassp39728.2021.9414790,Riemannian Geometry on Connectivity for Clinical BCI,2021,8,
10.1109/icdsp.2017.8096075,Classification of motor imagery BCI using multiband tangent space mapping,2017,7,
10.3390/s25185690,"Transparent EEG Analysis: Leveraging Autoencoders, Bi-LSTMs, and SHAP for Improved Neurodegenerative",2025,7,
10.1109/jbhi.2024.3513038,AdaptEEG: A Deep Subdomain Adaptation Network With Class Confusion Loss for Cross-Subject Mental Wor,2024,6,
10.1145/3580305.3599483,R-Mixup: Riemannian Mixup for Biological Networks,2023,5,
10.2307/j.ctt7rxv2,Positive Definite Matrices,2009,5,
10.1109/iscslp.2010.5684490,Factor analysis based spatial correlation modeling for speaker verification,2010,4,
10.48550/arxiv.1601.03805,Matrix Neural Networks,2016,4,
10.48550/arxiv.1412.4172,Kernel Methods on the Riemannian Manifold of Symmetric Positive Definite\n Matrices,2014,4,
10.23919/eusipco55093.2022.9909703,Riemannian Classification of EEG Signals with Missing Values,2022,4,
10.23919/eusipco58844.2023.10289919,Multichannel Active Noise Control with Exterior Radiation Suppression Based on Riemannian Optimizati,2023,4,
10.1016/j.bspc.2025.108597,EGDN-KL: Dynamic graph–deviation network for EEG anomaly detection,2025,4,
10.1109/ictis62692.2024.10894543,Enhancing EEG Signal Reconstruction in Cross-Domain Adaptation Using CycleGAN,2024,3,
10.1007/978-981-10-0207-6_50,Sparse Support Vector Machine for Simultaneous Feature Selection and Classification in Motor-Imagery,2016,2,
10.1109/smc52423.2021.9658876,Distance Covariance: A Nonlinear Extension of Riemannian Geometry for EEG-based Brain-Computer Inter,2021,2,
10.48550/arxiv.2102.06015,RIGOLETTO -- RIemannian GeOmetry LEarning: applicaTion To cOnnectivity. A contribution to the Clinic,2021,1,
10.3390/brainsci15080856,Editorial: The Application of EEG in Neurorehabilitation,2025,1,
